ani.korhonen@nitor.com,Ani Korhonen
alvi.suorsa@nitor.com,Alvi Suorsa
jenni.matilainen@nitor.com,Jenni Matilainen
axel.knuuttila@nitor.com,Axel Knuuttila
teemu.mertanen@nitor.com,Teemu Mertanen
anna-lisa.pohjola@nitor.com,Anna-Lisa Pohjola
remu.luttinen@nitor.com,Remu Luttinen
gunvor.viljamaa@nitor.com,Gunvor Viljamaa
mette.backman@nitor.com,Mette Backman
tindra.isokaanta@nitor.com,Tindra Isokääntä
vilja.hatonen@nitor.com,Vilja Hätönen
peter.viljanen@nitor.com,Peter Viljanen
mimmi.vanhatalo@nitor.com,Mimmi Vanhatalo
salma.mutanen@nitor.com,Salma Mutanen
liam.paajanen@nitor.com,Liam Paajanen
anna.ikonen@nitor.com,Anna Ikonen
arto.susi@nitor.com,Arto Susi
anneli.hakala@nitor.com,Anneli Hakala
karoliina.strand@nitor.com,Karoliina Strand
svante.torronen@nitor.com,Svante Törrönen
jali.mehtonen@nitor.com,Jali Mehtonen
taavi.paasonen@nitor.com,Taavi Paasonen
joseph.lamminmaki@nitor.com,Joseph Lamminmäki
tanya.hilli@nitor.com,Tanya Hilli
telma.varjonen@nitor.com,Telma Varjonen
livia.niemenmaa@nitor.com,Livia Niemenmaa
agnes.laitila@nitor.com,Agnes Laitila
timur.sirkka@nitor.com,Timur Sirkka
luukas.lehtovirta@nitor.com,Luukas Lehtovirta
marissa.pohjonen@nitor.com,Marissa Pohjonen
erja.sandvik@nitor.com,Erja Sandvik
kaarina.heiska@nitor.com,Kaarina Heiska
christopher.kohonen@nitor.com,Christopher Kohonen
jasmin.myyrylainen@nitor.com,Jasmin Myyryläinen
valle.vihavainen@nitor.com,Valle Vihavainen
jan.issakainen@nitor.com,Jan Issakainen
isto.mehtala@nitor.com,Isto Mehtälä
iivo.raittila@nitor.com,Iivo Raittila
bjorn.andersson@nitor.com,Björn Andersson
aliina.kokkinen@nitor.com,Aliina Kokkinen
birger.seppa@nitor.com,Birger Seppä
mervi.sakkinen@nitor.com,Mervi Säkkinen
maritta.vauhkonen@nitor.com,Maritta Vauhkonen
taimi.saarijarvi@nitor.com,Taimi Saarijärvi
clas.asp@nitor.com,Clas Asp
ruusa.vuorenmaa@nitor.com,Ruusa Vuorenmaa
kai.kiiskila@nitor.com,Kai Kiiskilä
hugo.murtonen@nitor.com,Hugo Murtonen
hiski.lehikoinen@nitor.com,Hiski Lehikoinen
sofie.karhu@nitor.com,Sofie Karhu
lina.lundell@nitor.com,Lina Lundell
jaakko.kilpi@nitor.com,Jaakko Kilpi
antti-pekka.utriainen@nitor.com,Antti-Pekka Utriainen
elise.sten@nitor.com,Elise Sten
jari.riipinen@nitor.com,Jari Riipinen
henriikka.wahlroos@nitor.com,Henriikka Wahlroos
aarni.ryynanen@nitor.com,Aarni Ryynänen
annastiina.maatta@nitor.com,Annastiina Määttä
magnus.kontio@nitor.com,Magnus Kontio
filip.pennanen@nitor.com,Filip Pennanen
håkan.jamsa@nitor.com,Håkan Jämsä
annamari.kaasalainen@nitor.com,Annamari Kaasalainen
oona.laitinen@nitor.com,Oona Laitinen
kimi.jormanainen@nitor.com,Kimi Jormanainen
kaspian.kylmanen@nitor.com,Kaspian Kylmänen
hanna-maria.kaipainen@nitor.com,Hanna-Maria Kaipainen
patric.olsson@nitor.com,Patric Olsson
pedro.rajamaki@nitor.com,Pedro Rajamäki
amin.pekonen@nitor.com,Amin Pekonen
birgitta.hellberg@nitor.com,Birgitta Hellberg
thor.karlsson@nitor.com,Thor Karlsson
henna-riikka.lassila@nitor.com,Henna-Riikka Lassila
emmiina.ristimaki@nitor.com,Emmiina Ristimäki
elli-noora.leikas@nitor.com,Elli-Noora Leikas
jooa.friberg@nitor.com,Jooa Friberg
hanna.jarvenpaa@nitor.com,Hanna Järvenpää
leif.santala@nitor.com,Leif Santala
thea.saari@nitor.com,Thea Saari
carolina.reponen@nitor.com,Carolina Reponen
erika.kurppa@nitor.com,Erika Kurppa
rudi.riihela@nitor.com,Rudi Riihelä
md..kopra@nitor.com,Md. Kopra
eliel.elo@nitor.com,Eliel Elo
eila.weckman@nitor.com,Eila Weckman
marja-riitta.karkkainen@nitor.com,Marja-Riitta Kärkkäinen
konstantin.hannonen@nitor.com,Konstantin Hannonen
miina.parviainen@nitor.com,Miina Parviainen
saila.matikka@nitor.com,Saila Matikka
levi.bjork@nitor.com,Levi Björk
marja-liisa.lemmetty@nitor.com,Marja-Liisa Lemmetty
vivan.isokangas@nitor.com,Vivan Isokangas
leena-maija.kylliainen@nitor.com,Leena-Maija Kylliäinen
juha-petteri.pollari@nitor.com,Juha-Petteri Pollari
bilal.pulliainen@nitor.com,Bilal Pulliainen
finn.roine@nitor.com,Finn Roine
soili.posti@nitor.com,Soili Posti
nana.kotila@nitor.com,Nana Kotila
marius.pykalainen@nitor.com,Marius Pykäläinen
tina.helenius@nitor.com,Tina Helenius
karim.sormunen@nitor.com,Karim Sormunen
usva.nordstrom@nitor.com,Usva Nordström
eeti.gronholm@nitor.com,Eeti Grönholm
miriam.helander@nitor.com,Miriam Helander
sean.lainio@nitor.com,Sean Lainio
rosa.kauppi@nitor.com,Rosa Kauppi
wilhelmiina.rummukainen@nitor.com,Wilhelmiina Rummukainen
silva.wiik@nitor.com,Silva Wiik
johanna.turkki@nitor.com,Johanna Turkki
irma.bjorkqvist@nitor.com,Irma Björkqvist
riitta-liisa.seppanen@nitor.com,Riitta-Liisa Seppänen
vera.ronnberg@nitor.com,Vera Rönnberg
petter.aarnio@nitor.com,Petter Aarnio
martti.rouhiainen@nitor.com,Martti Rouhiainen
terttu.korkiakoski@nitor.com,Terttu Korkiakoski
maunu.ostman@nitor.com,Maunu Östman
maili.kamppi@nitor.com,Maili Kämppi
verne.kulmala@nitor.com,Verne Kulmala
jaana.pekkanen@nitor.com,Jaana Pekkanen
mari.hintikka@nitor.com,Mari Hintikka
saska.kotiranta@nitor.com,Saska Kotiranta
ronny.kuusisto@nitor.com,Ronny Kuusisto
joanna.kahila@nitor.com,Joanna Kahila
janica.aho@nitor.com,Janica Aho
kiti.pohjalainen@nitor.com,Kiti Pohjalainen
hely.mattsson@nitor.com,Hely Mattsson
paulus.koski@nitor.com,Paulus Koski
meri.marttinen@nitor.com,Meri Marttinen
ossian.rajala@nitor.com,Ossian Rajala
fanni.lehtila@nitor.com,Fanni Lehtilä
usko.honka@nitor.com,Usko Honka
evi.vuokila@nitor.com,Evi Vuokila
eeli.jarvelainen@nitor.com,Eeli Järveläinen
jakke.hedman@nitor.com,Jakke Hedman
sakke.west@nitor.com,Sakke West
rickard.ahokas@nitor.com,Rickard Ahokas
alpo.vainionpaa@nitor.com,Alpo Vainionpää
mirella.lepola@nitor.com,Mirella Lepola
kristian.mannermaa@nitor.com,Kristian Mannermaa
bo.kumpula@nitor.com,Bo Kumpula
emelie.kareinen@nitor.com,Emelie Kareinen
lilia.oinas@nitor.com,Lilia Oinas
karo.kuitunen@nitor.com,Karo Kuitunen
andrew.lintunen@nitor.com,Andrew Lintunen
nestori.rintala@nitor.com,Nestori Rintala
tuukka.lonnqvist@nitor.com,Tuukka Lönnqvist
samir.korte@nitor.com,Samir Korte
bjarne.eerola@nitor.com,Bjarne Eerola
marc.bruun@nitor.com,Marc Bruun
altti.pullinen@nitor.com,Altti Pullinen
lara.lumme@nitor.com,Lara Lumme
sven-erik.pelttari@nitor.com,Sven-Erik Pelttari
saana.pajula@nitor.com,Saana Pajula
gosta.hamalainen@nitor.com,Gösta Hämäläinen
isabel.vertanen@nitor.com,Isabel Vertanen
juliaana.paju@nitor.com,Juliaana Paju
ilari.korpelainen@nitor.com,Ilari Korpelainen
amira.tuomisto@nitor.com,Amira Tuomisto
oskar.bjorkskog@nitor.com,Oskar Björkskog
joona.niskanen@nitor.com,Joona Niskanen
disa.sohlman@nitor.com,Disa Sohlman
moona.hannuksela@nitor.com,Moona Hannuksela
sandra.rytkonen@nitor.com,Sandra Rytkönen
yrjo.tapper@nitor.com,Yrjö Tapper
cristian.illikainen@nitor.com,Cristian Illikainen
peik.raikkonen@nitor.com,Peik Räikkönen
anri.takalo@nitor.com,Anri Takalo
veera.minkkinen@nitor.com,Veera Minkkinen
helmiina.jansson@nitor.com,Helmiina Jansson
bo-erik.keskitalo@nitor.com,Bo-Erik Keskitalo
isak.lehtonen@nitor.com,Isak Lehtonen
antero.simolin@nitor.com,Antero Simolin
mariia.simola@nitor.com,Mariia Simola
ester.vanninen@nitor.com,Ester Vanninen
juulia.puputti@nitor.com,Juulia Puputti
leon.kammonen@nitor.com,Leon Kammonen
antti-jussi.jaatinen@nitor.com,Antti-Jussi Jaatinen
rabbe.hekkala@nitor.com,Rabbe Hekkala
alvar.silvonen@nitor.com,Alvar Silvonen
tatiana.kaikkonen@nitor.com,Tatiana Kaikkonen
marco.maunu@nitor.com,Marco Maunu
roberto.sinkko@nitor.com,Roberto Sinkko
antton.torvinen@nitor.com,Antton Torvinen
saul.harju@nitor.com,Saul Harju
alexandra.lyyra@nitor.com,Alexandra Lyyra
annukka.matero@nitor.com,Annukka Matero
ilta.polvinen@nitor.com,Ilta Polvinen
risto.harjula@nitor.com,Risto Harjula
pete.niemelainen@nitor.com,Pete Niemeläinen
elliot.mantynen@nitor.com,Elliot Mäntynen
paivikki.kuismin@nitor.com,Päivikki Kuismin
jenna.tukiainen@nitor.com,Jenna Tukiainen
kamilla.janhunen@nitor.com,Kamilla Janhunen
aamu.partanen@nitor.com,Aamu Partanen
olof.komu@nitor.com,Olof Komu
eemu.kauppinen@nitor.com,Eemu Kauppinen
sanna-maija.repo@nitor.com,Sanna-Maija Repo
milan.suoniemi@nitor.com,Milan Suoniemi
sirkka-liisa.slotte@nitor.com,Sirkka-Liisa Slotte
raul.timonen@nitor.com,Raul Timonen
ilmari.osterlund@nitor.com,Ilmari Österlund
marie.smeds@nitor.com,Marie Smeds
ilmi.herranen@nitor.com,Ilmi Herranen
regina.henttonen@nitor.com,Regina Henttonen
evita.parssinen@nitor.com,Evita Pärssinen
anna-riitta.oksa@nitor.com,Anna-Riitta Oksa
juha-matti.poikolainen@nitor.com,Juha-Matti Poikolainen
curt.lantto@nitor.com,Curt Lantto
iiris.hyytiainen@nitor.com,Iiris Hyytiäinen
markus.santanen@nitor.com,Markus Santanen
abdul.hakkinen@nitor.com,Abdul Häkkinen
marina.oksanen@nitor.com,Marina Oksanen
vikke.halttunen@nitor.com,Vikke Halttunen
rainer.kurki@nitor.com,Rainer Kurki
arvi.wickstrom@nitor.com,Arvi Wickström
armas.asplund@nitor.com,Armas Asplund
rolf.nordberg@nitor.com,Rolf Nordberg
tuomo.eklund@nitor.com,Tuomo Eklund
edvin.jarvensivu@nitor.com,Edvin Järvensivu
mico.alm@nitor.com,Mico Alm
annakaisa.lautala@nitor.com,Annakaisa Lautala
ernst.borg@nitor.com,Ernst Borg
henrietta.sorjonen@nitor.com,Henrietta Sorjonen
nicklas.friman@nitor.com,Nicklas Friman
malin.kunttu@nitor.com,Malin Kunttu
artem.vuolle@nitor.com,Artem Vuolle
jarmo.silander@nitor.com,Jarmo Silander
nea.virtala@nitor.com,Nea Virtala
elizaveta.lehtovaara@nitor.com,Elizaveta Lehtovaara
aapo.pylvanainen@nitor.com,Aapo Pylvänäinen
minni.kaunismaki@nitor.com,Minni Kaunismäki
miko.havia@nitor.com,Miko Havia
andrea.lepisto@nitor.com,Andrea Lepistö
christian.mattinen@nitor.com,Christian Mattinen
aisha.lilja@nitor.com,Aisha Lilja
annemari.kuusinen@nitor.com,Annemari Kuusinen
liisi.osterholm@nitor.com,Liisi Österholm
konsta.paakkonen@nitor.com,Konsta Pääkkönen
kerstin.haapamaki@nitor.com,Kerstin Haapamäki
jani-pekka.niemela@nitor.com,Jani-Pekka Niemelä
sergei.toropainen@nitor.com,Sergei Toropainen
adelia.karvinen@nitor.com,Adelia Karvinen
hampus.meskanen@nitor.com,Hampus Meskanen
christer.kuisma@nitor.com,Christer Kuisma
barbro.makynen@nitor.com,Barbro Mäkynen
miisa.kallunki@nitor.com,Miisa Kallunki
aatu.sainio@nitor.com,Aatu Sainio
sohvi.halmetoja@nitor.com,Sohvi Halmetoja
hassan.kumpulainen@nitor.com,Hassan Kumpulainen
jens.heininen@nitor.com,Jens Heininen
piritta.peippo@nitor.com,Piritta Peippo
